time_s,angle_rad
0.0,-0.94429845,4.5414658,1.8054943
0.01,-0.89888376,8.196924,1.4067912
0.02,-0.81691456,10.970178,1.01787
0.03,-0.70721275,12.283808,0.3767972
0.04,-0.5843747,12.376023,-0.14952004
0.05,-0.46061447,11.638039,-0.494287
0.060000000000000005,-0.34423408,10.368218,-0.70210123
0.07,-0.24055189,8.801603,-0.8041953
0.08,-0.15253589,7.0951824,-0.83793116
0.09,-0.08158405,5.3570786,-0.8268186
0.09999999999999999,-0.028013257,3.6797407,-0.77876127
0.10999999999999999,0.00878415,2.150565,-0.6963639
0.11999999999999998,0.0302898,0.8761499,-0.5709044
0.12999999999999998,0.039051298,-0.07312099,-0.41826808
0.13999999999999999,0.03832009,-0.7309638,-0.28455114
0.15,0.031010453,-1.0814965,-0.14647639
0.16,0.020195486,-1.1751103,-0.033010602
0.17,0.008444382,-1.1191105,0.03113699
0.18000000000000002,-0.0027467234,-0.99153906,0.059889793
0.19000000000000003,-0.012662115,-0.83713704,0.06867337
0.20000000000000004,-0.021033486,-0.6801434,0.06692457
0.21000000000000005,-0.02783492,-0.53261906,0.0602026
0.22000000000000006,-0.03316111,-0.40023237,0.0513916
0.23000000000000007,-0.037163436,-0.2855274,0.04186964
0.24000000000000007,-0.04001871,-0.1897443,0.03217888
0.25000000000000006,-0.041916154,-0.11314734,0.02270627
0.26000000000000006,-0.04304762,-0.054812815,0.013930798
0.2700000000000001,-0.04359575,-0.0128799025,0.006217718
0.2800000000000001,-0.04372455,0.01507759,-0.0002322197
0.2900000000000001,-0.043573774,0.031725656,-0.005359292
0.3000000000000001,-0.043256517,0.03970417,-0.009216309
0.3100000000000001,-0.04285948,0.041434333,-0.011934876
0.3200000000000001,-0.042445138,0.039002165,-0.013691306
0.3300000000000001,-0.04205511,0.03410317,-0.01467967
0.34000000000000014,-0.041714083,0.028038833,-0.015089512
0.35000000000000014,-0.041433692,0.021745259,-0.015092492
0.36000000000000015,-0.041216243,0.015844041,-0.0148335695
0.37000000000000016,-0.0410578,0.010700508,-0.014428735
0.38000000000000017,-0.040950794,0.0064843115,-0.013964891
0.3900000000000002,-0.04088595,0.0032245223,-0.013503075
0.4000000000000002,-0.040853705,0.00085780007,-0.013082147
0.4100000000000002,-0.040845126,-0.00073338853,-0.012723684
0.4200000000000002,-0.04085246,-0.0016906852,-0.012435913
0.4300000000000002,-0.04086937,-0.0021597345,-0.012218356
0.4400000000000002,-0.040890966,-0.0022754841,-0.012064338
0.45000000000000023,-0.04091372,-0.0021546113,-0.011964202
0.46000000000000024,-0.04093527,-0.0018925227,-0.011907339
0.47000000000000025,-0.04095419,-0.0015623273,-0.01188302
0.48000000000000026,-0.040969815,-0.001216864,-0.011881709
0.49000000000000027,-0.040981982,-0.0008908716,-0.011895061
0.5000000000000002,-0.040990893,-0.0006056793,-0.011916995
0.5100000000000002,-0.040996946,-0.00037083233,-0.011942267
0.5200000000000002,-0.04100066,-0.00018845728,-0.011967659
0.5300000000000002,-0.041002546,-5.5583776e-05,-0.011991024
0.5400000000000003,-0.041003097,3.454498e-05,-0.012010813
0.5500000000000003,-0.04100275,8.9273795e-05,-0.012026906
0.5600000000000003,-0.04100186,0.00011675634,-0.012039065
0.5700000000000003,-0.04100069,0.00012431772,-0.012047768
0.5800000000000003,-0.040999454,0.00011866619,-0.0120533705
0.5900000000000003,-0.04099826,0.00010478567,-0.012056708
0.6000000000000003,-0.04099722,8.695159e-05,-0.012058139
0.6100000000000003,-0.040996343,6.790367e-05,-0.012058377
0.6200000000000003,-0.040995665,5.0142513e-05,-0.012057543
0.6300000000000003,-0.040995162,3.4322282e-05,-0.01205647
0.6400000000000003,-0.04099482,2.1353633e-05,-0.012055039
0.6500000000000004,-0.040994607,1.1074944e-05,-0.012053728
0.6600000000000004,-0.040994495,3.5708647e-06,-0.012052417
0.6700000000000004,-0.04099446,-1.621324e-06,-0.012051344
0.6800000000000004,-0.04099448,-4.717547e-06,-0.01205039
0.6900000000000004,-0.040994525,-6.478638e-06,-0.012049794
0.7000000000000004,-0.04099459,-6.884386e-06,-0.012049198
0.7100000000000004,-0.04099466,-6.7180245e-06,-0.01204896
0.7200000000000004,-0.04099473,-5.9769027e-06,-0.012048721
0.7300000000000004,-0.040994786,-4.927018e-06,-0.012048602
0.7400000000000004,-0.040994838,-3.8381163e-06,-0.012048602
0.7500000000000004,-0.04099487,-2.7170524e-06,-0.012048602
0.7600000000000005,-0.0409949,-1.8358429e-06,-0.012048721
0.7700000000000005,-0.040994916,-1.2018066e-06,-0.0120488405
0.7800000000000005,-0.040994935,-5.5578613e-07,-0.0120488405
0.7900000000000005,-0.04099494,-1.6683003e-07,-0.01204896
0.8000000000000005,-0.040994942,2.2575416e-07,-0.01204896
0.8100000000000005,-0.04099494,3.5451788e-07,-0.012049079
0.8200000000000005,-0.040994935,4.818079e-07,-0.012049079
0.8300000000000005,-0.040994927,3.4187417e-07,-0.012049198
0.8400000000000005,-0.040994924,4.637048e-07,-0.012049079
0.8500000000000005,-0.04099492,3.183942e-07,-0.012049198
0.8600000000000005,-0.040994916,1.7005661e-07,-0.012049198
0.8700000000000006,-0.040994912,2.845501e-07,-0.012049079
0.8800000000000006,-0.04099491,1.3302397e-07,-0.012049198
0.8900000000000006,-0.04099491,-2.0359634e-08,-0.012049198
0.9000000000000006,-0.04099491,9.02979e-08,-0.012049079
0.9100000000000006,-0.04099491,-6.3821176e-08,-0.012049198
0.9200000000000006,-0.04099491,4.637982e-08,-0.012049079
0.9300000000000006,-0.04099491,-1.07912086e-07,-0.012049198
0.9400000000000006,-0.04099491,2.402755e-09,-0.012049079
0.9500000000000006,-0.04099491,-1.5148748e-07,-0.012049198
0.9600000000000006,-0.040994912,-4.048389e-08,-0.012049079
0.9700000000000006,-0.040994912,7.150859e-08,-0.012049079
0.9800000000000006,-0.040994912,-8.1144165e-08,-0.012049198
0.9900000000000007,-0.040994912,3.0645783e-08,-0.012049079
1.0000000000000007,-0.040994912,1.4296545e-07,-0.012049079
1.0100000000000007,-0.04099491,-9.824476e-09,-0.012049198
1.0200000000000007,-0.04099491,-1.6354764e-07,-0.012049198
1.0300000000000007,-0.040994912,-5.2297167e-08,-0.012049079
1.0400000000000007,-0.040994912,6.002093e-08,-0.012049079
1.0500000000000007,-0.040994912,1.726804e-07,-0.012049079
1.0600000000000007,-0.04099491,2.0038561e-08,-0.012049198
1.0700000000000007,-0.04099491,1.3117901e-07,-0.012049079
1.0800000000000007,-0.04099491,-2.2720881e-08,-0.012049198
1.0900000000000007,-0.04099491,-1.7747708e-07,-0.012049198
1.1000000000000008,-0.04099491,-6.717545e-08,-0.012049079
1.1100000000000008,-0.040994912,4.4284732e-08,-0.012049079
1.1200000000000008,-0.04099491,1.5618342e-07,-0.012049079
1.1300000000000008,-0.04099491,2.8835097e-09,-0.012049198
1.1400000000000008,-0.04099491,-1.5143594e-07,-0.012049198
1.1500000000000008,-0.04099491,-4.0864702e-08,-0.012049079
1.1600000000000008,-0.040994912,7.069509e-08,-0.012049079
1.1700000000000008,-0.04099491,1.8252163e-07,-0.012049079
1.1800000000000008,-0.04099491,2.8977187e-08,-0.012049198
1.1900000000000008,-0.04099491,-1.2575873e-07,-0.012049198
1.2000000000000008,-0.04099491,-1.5774308e-08,-0.012049079
1.2100000000000009,-0.04099491,9.5031055e-08,-0.012049079
1.2200000000000009,-0.04099491,-5.8970123e-08,-0.012049198
1.2300000000000009,-0.04099491,5.131787e-08,-0.012049079
1.2400000000000009,-0.04099491,-1.0291871e-07,-0.012049198
1.2500000000000009,-0.04099491,7.419231e-09,-0.012049079
1.260000000000001,-0.04099491,1.1842901e-07,-0.012049079
1.270000000000001,-0.04099491,-3.5519157e-08,-0.012049198
1.280000000000001,-0.04099491,7.46691e-08,-0.012049079
1.290000000000001,-0.04099491,-7.982028e-08,-0.012049198
1.300000000000001,-0.04099491,3.011241e-08,-0.012049079
1.310000000000001,-0.04099491,1.4056616e-07,-0.012049079
1.320000000000001,-0.04099491,-1.4086173e-08,-0.012049198
1.330000000000001,-0.04099491,-1.696561e-07,-0.012049198
1.340000000000001,-0.04099491,-6.022456e-08,-0.012049079
1.350000000000001,-0.04099491,-2.1459505e-07,-0.012049198
1.360000000000001,-0.040994912,-1.0366288e-07,-0.012049079
1.370000000000001,-0.040994912,8.670127e-09,-0.012049079
1.380000000000001,-0.040994912,1.2167982e-07,-0.012049079
1.390000000000001,-0.040994912,-3.0276578e-08,-0.012049198
1.400000000000001,-0.040994912,8.188222e-08,-0.012049079
1.410000000000001,-0.040994912,-7.067086e-08,-0.012049198
1.420000000000001,-0.040994912,4.1151072e-08,-0.012049079
1.430000000000001,-0.040994912,1.5343433e-07,-0.012049079
1.440000000000001,-0.04099491,5.3943694e-10,-0.012049198
1.450000000000001,-0.04099491,-1.5335705e-07,-0.012049198
1.460000000000001,-0.040994912,-4.2347537e-08,-0.012049079
1.470000000000001,-0.040994912,6.966306e-08,-0.012049079
1.480000000000001,-0.040994912,1.819501e-07,-0.012049079
1.490000000000001,-0.04099491,2.8872876e-08,-0.012049198
1.500000000000001,-0.04099491,-1.2539209e-07,-0.012049198
1.5100000000000011,-0.04099491,-1.4936024e-08,-0.012049079
1.5200000000000011,-0.04099491,9.633858e-08,-0.012049079
1.5300000000000011,-0.04099491,-5.719882e-08,-0.012049198
1.5400000000000011,-0.04099491,5.3544404e-08,-0.012049079
1.5500000000000012,-0.04099491,-1.002485e-07,-0.012049198
1.5600000000000012,-0.04099491,1.0518584e-08,-0.012049079
1.5700000000000012,-0.04099491,-1.4296944e-07,-0.012049198
1.5800000000000012,-0.040994912,-3.161662e-08,-0.012049079
1.5900000000000012,-0.040994912,8.066949e-08,-0.012049079
1.6000000000000012,-0.040994912,-7.174753e-08,-0.012049198
1.6100000000000012,-0.040994912,4.0218364e-08,-0.012049079
1.6200000000000012,-0.040994912,1.5265263e-07,-0.012049079
1.6300000000000012,-0.04099491,-8.5181466e-11,-0.012049198
1.6400000000000012,-0.04099491,-1.5381947e-07,-0.012049198
1.6500000000000012,-0.040994912,-4.26437e-08,-0.012049079
1.6600000000000013,-0.040994912,6.95362e-08,-0.012049079
1.6700000000000013,-0.040994912,1.8199445e-07,-0.012049079
1.6800000000000013,-0.04099491,2.9089273e-08,-0.012049198
1.6900000000000013,-0.04099491,-1.2500392e-07,-0.012049198
1.7000000000000013,-0.04099491,-1.4377519e-08,-0.012049079
1.7100000000000013,-0.04099491,-1.678446e-07,-0.012049198
1.7200000000000013,-0.040994912,-5.6308334e-08,-0.012049079
1.7300000000000013,-0.040994912,5.6323607e-08,-0.012049079
1.7400000000000013,-0.040994912,1.6932312e-07,-0.012049079
1.7500000000000013,-0.04099491,1.7045444e-08,-0.012049198
1.7600000000000013,-0.04099491,-1.3633755e-07,-0.012049198
1.7700000000000014,-0.040994912,-2.4922292e-08,-0.012049079
1.7800000000000014,-0.040994912,8.738295e-08,-0.012049079
1.7900000000000014,-0.040994912,1.9985089e-07,-0.012049079
1.8000000000000014,-0.04099491,4.683889e-08,-0.012049198
1.8100000000000014,-0.04099491,-1.0747772e-07,-0.012049198
1.8200000000000014,-0.04099491,2.8094473e-09,-0.012049079
1.8300000000000014,-0.04099491,-1.5111131e-07,-0.012049198
1.8400000000000014,-0.040994912,-4.014089e-08,-0.012049079
1.8500000000000014,-0.040994912,7.181596e-08,-0.012049079
1.8600000000000014,-0.040994912,-8.087467e-08,-0.012049198
1.8700000000000014,-0.040994912,3.0875402e-08,-0.012049079
1.8800000000000014,-0.040994912,1.4315343e-07,-0.012049079
1.8900000000000015,-0.04099491,-9.6796295e-09,-0.012049198
1.9000000000000015,-0.04099491,-1.6344715e-07,-0.012049198
1.9100000000000015,-0.040994912,-5.224199e-08,-0.012049079
1.9200000000000015,-0.040994912,6.003013e-08,-0.012049079
1.9300000000000015,-0.040994912,1.726433e-07,-0.012049079
1.9400000000000015,-0.04099491,1.9955067e-08,-0.012049198
1.9500000000000015,-0.04099491,1.3104938e-07,-0.012049079
1.9600000000000015,-0.04099491,-2.2896112e-08,-0.012049198
1.9700000000000015,-0.04099491,-1.7769706e-07,-0.012049198
1.9800000000000015,-0.04099491,-6.743904e-08,-0.012049079
1.9900000000000015,-0.040994912,4.3978975e-08,-0.012049079
2.0000000000000013,-0.04099491,1.5583721e-07,-0.012049079
2.010000000000001,-0.04099491,2.4988496e-09,-0.012049198
2.020000000000001,-0.04099491,-1.518568e-07,-0.012049198
2.0300000000000007,-0.04099491,-4.1319236e-08,-0.012049079
2.0400000000000005,-0.040994912,-1.9469991e-07,-0.012049198
2.0500000000000003,-0.040994912,-8.2901316e-08,-0.012049079
2.06,-0.040994912,3.0168238e-08,-0.012049079
2.07,-0.040994912,1.4377896e-07,-0.012049079
2.0799999999999996,-0.040994912,-7.716777e-09,-0.012049198
2.0899999999999994,-0.040994912,1.0475844e-07,-0.012049079
2.099999999999999,-0.040994912,-4.762548e-08,-0.012049198
2.109999999999999,-0.040994912,6.421626e-08,-0.012049079
2.1199999999999988,-0.040994912,1.763689e-07,-0.012049079
2.1299999999999986,-0.04099491,2.3192827e-08,-0.012049198
2.1399999999999983,-0.04099491,-1.3113456e-07,-0.012049198
2.149999999999998,-0.04099491,-2.0703819e-08,-0.012049079
2.159999999999998,-0.04099491,9.0582944e-08,-0.012049079
2.1699999999999977,-0.04099491,-6.2904654e-08,-0.012049198
2.1799999999999975,-0.04099491,4.7925944e-08,-0.012049079
2.1899999999999973,-0.04099491,-1.0574234e-07,-0.012049198
2.199999999999997,-0.04099491,5.186041e-09,-0.012049079
2.209999999999997,-0.04099491,1.1680469e-07,-0.012049079
2.2199999999999966,-0.04099491,-3.6520028e-08,-0.012049198
2.2299999999999964,-0.04099491,7.4302285e-08,-0.012049079
2.239999999999996,-0.04099491,-7.954652e-08,-0.012049198
2.249999999999996,-0.04099491,3.1029153e-08,-0.012049079
2.259999999999996,-0.04099491,-1.2278541e-07,-0.012049198
2.2699999999999956,-0.040994912,-1.1893026e-08,-0.012049079
2.2799999999999954,-0.040994912,9.9800886e-08,-0.012049079
2.289999999999995,-0.04099491,-5.3337075e-08,-0.012049198
2.299999999999995,-0.04099491,5.7782987e-08,-0.012049079
2.3099999999999947,-0.04099491,-9.565829e-08,-0.012049198
2.3199999999999945,-0.040994912,1.5432757e-08,-0.012049079
2.3299999999999943,-0.04099491,1.2714825e-07,-0.012049079
2.339999999999994,-0.04099491,-2.6146528e-08,-0.012049198
2.349999999999994,-0.04099491,8.463821e-08,-0.012049079
2.3599999999999937,-0.04099491,-6.931589e-08,-0.012049198
2.3699999999999934,-0.04099491,4.1087027e-08,-0.012049079
2.3799999999999932,-0.04099491,-1.12967086e-07,-0.012049198
2.389999999999993,-0.04099491,-2.3799005e-09,-0.012049079
2.399999999999993,-0.04099491,-1.559648e-07,-0.012049198
2.4099999999999926,-0.040994912,-4.4624645e-08,-0.012049079
2.4199999999999924,-0.040994912,6.773362e-08,-0.012049079
2.429999999999992,-0.040994912,1.803832e-07,-0.012049079
2.439999999999992,-0.04099491,2.7681102e-08,-0.012049198
2.4499999999999917,-0.04099491,-1.2619851e-07,-0.012049198
2.4599999999999915,-0.04099491,-1.5349302e-08,-0.012049079
2.4699999999999913,-0.040994912,9.63237e-08,-0.012049079
2.479999999999991,-0.04099491,-5.6812603e-08,-0.012049198
2.489999999999991,-0.04099491,5.433182e-08,-0.012049079
2.4999999999999907,-0.04099491,-9.9062405e-08,-0.012049198
2.5099999999999905,-0.040994912,1.2098207e-08,-0.012049079
2.5199999999999902,-0.040994912,1.2390548e-07,-0.012049079
2.52999999999999,-0.04099491,-2.9275723e-08,-0.012049198
2.53999999999999,-0.04099491,8.164374e-08,-0.012049079
2.5499999999999896,-0.04099491,-7.215519e-08,-0.012049198
2.5599999999999894,-0.04099491,3.8422424e-08,-0.012049079
2.569999999999989,-0.04099491,-1.1543845e-07,-0.012049198
2.579999999999989,-0.04099491,-4.6406323e-09,-0.012049079
2.5899999999999888,-0.04099491,-1.5799876e-07,-0.012049198
2.5999999999999885,-0.040994912,-4.641709e-08,-0.012049079
2.6099999999999883,-0.040994912,6.619598e-08,-0.012049079
2.619999999999988,-0.040994912,1.7911205e-07,-0.012049079
2.629999999999988,-0.04099491,2.66865e-08,-0.012049198
2.6399999999999877,-0.04099491,-1.2690828e-07,-0.012049198
2.6499999999999875,-0.040994912,-1.576774e-08,-0.012049079
2.6599999999999873,-0.040994912,9.6201234e-08,-0.012049079
2.669999999999987,-0.04099491,-5.663638e-08,-0.012049198
2.679999999999987,-0.040994912,5.4807536e-08,-0.012049079
2.6899999999999866,-0.04099491,1.6662116e-07,-0.012049079
2.6999999999999864,-0.04099491,1.3167503e-08,-0.012049198
2.709999999999986,-0.04099491,-1.4137385e-07,-0.012049198
2.719999999999986,-0.04099491,-3.1091613e-08,-0.012049079
2.7299999999999858,-0.04099491,8.011347e-08,-0.012049079
2.7399999999999856,-0.04099491,-7.3387994e-08,-0.012049198
2.7499999999999853,-0.04099491,3.7497088e-08,-0.012049079
2.759999999999985,-0.04099491,1.4886123e-07,-0.012049079
2.769999999999985,-0.04099491,-4.9289097e-09,-0.012049198
2.7799999999999847,-0.04099491,-1.5969081e-07,-0.012049198
2.7899999999999845,-0.04099491,-4.9510994e-08,-0.012049079
2.7999999999999843,-0.04099491,-2.0319827e-07,-0.012049198
2.809999999999984,-0.040994912,-9.165283e-08,-0.012049079
2.819999999999984,-0.040994912,2.1219057e-08,-0.012049079
2.8299999999999836,-0.040994912,1.3468923e-07,-0.012049079
2.8399999999999834,-0.040994912,-1.6888608e-08,-0.012049198
2.849999999999983,-0.040994912,9.556383e-08,-0.012049079
2.859999999999983,-0.040994912,2.0812651e-07,-0.012049079
2.869999999999983,-0.04099491,5.515585e-08,-0.012049198
2.8799999999999826,-0.04099491,-9.917343e-08,-0.012049198
2.8899999999999824,-0.04099491,1.1046769e-08,-0.012049079
2.899999999999982,-0.04099491,1.2191435e-07,-0.012049079
2.909999999999982,-0.04099491,-3.2199697e-08,-0.012049198
2.9199999999999817,-0.04099491,7.779993e-08,-0.012049079
2.9299999999999815,-0.04099491,-7.689976e-08,-0.012049198
2.9399999999999813,-0.04099491,3.28022e-08,-0.012049079
2.949999999999981,-0.04099491,-1.2190337e-07,-0.012049198
2.959999999999981,-0.04099491,-1.1913546e-08,-0.012049079
2.9699999999999807,-0.04099491,9.887204e-08,-0.012049079
2.9799999999999804,-0.04099491,-5.5174116e-08,-0.012049198
2.9899999999999802,-0.04099491,-2.0986569e-07,-0.012049198
2.99999999999998,-0.040994912,-9.928759e-08,-0.012049079
3.00999999999998,-0.040994912,1.26604816e-08,-0.012049079
3.0199999999999796,-0.040994912,1.252567e-07,-0.012049079
3.0299999999999794,-0.040994912,-2.7139263e-08,-0.012049198
3.039999999999979,-0.040994912,8.455664e-08,-0.012049079
3.049999999999979,-0.04099491,-6.847981e-08,-0.012049198
3.0599999999999787,-0.040994912,4.2841293e-08,-0.012049079
3.0699999999999785,-0.04099491,1.5460941e-07,-0.012049079
3.0799999999999783,-0.04099491,1.1883541e-09,-0.012049198
3.089999999999978,-0.04099491,-1.5324197e-07,-0.012049198
3.099999999999978,-0.04099491,-4.2770534e-08,-0.012049079
3.1099999999999777,-0.040994912,6.870124e-08,-0.012049079
3.1199999999999775,-0.04099491,1.8045222e-07,-0.012049079
3.1299999999999772,-0.04099491,2.6845205e-08,-0.012049198
3.139999999999977,-0.04099491,-1.2793978e-07,-0.012049198
3.149999999999977,-0.04099491,-1.7990473e-08,-0.012049079
3.1599999999999766,-0.04099491,9.2794e-08,-0.012049079
3.1699999999999764,-0.04099491,-6.121361e-08,-0.012049198
3.179999999999976,-0.04099491,4.908255e-08,-0.012049079
3.189999999999976,-0.04099491,-1.0513121e-07,-0.012049198
3.1999999999999758,-0.04099491,5.2441465e-09,-0.012049079
3.2099999999999755,-0.04099491,1.1630578e-07,-0.012049079
3.2199999999999753,-0.04099491,-3.7576335e-08,-0.012049198
3.229999999999975,-0.04099491,7.269184e-08,-0.012049079
3.239999999999975,-0.04099491,-8.1704215e-08,-0.012049198
3.2499999999999747,-0.04099491,2.8334735e-08,-0.012049079
3.2599999999999745,-0.04099491,1.3890704e-07,-0.012049079
3.2699999999999743,-0.04099491,-1.561515e-08,-0.012049198
3.279999999999974,-0.04099491,9.386542e-08,-0.012049079
3.289999999999974,-0.04099491,-6.14616e-08,-0.012049198
3.2999999999999736,-0.04099491,4.7508173e-08,-0.012049079
3.3099999999999734,-0.04099491,-1.0803036e-07,-0.012049198
3.319999999999973,-0.04099491,1.0304836e-09,-0.012049079
3.329999999999973,-0.04099491,-1.5411297e-07,-0.012049198
3.3399999999999728,-0.04099491,-4.4353648e-08,-0.012049079
3.3499999999999726,-0.04099491,6.64117e-08,-0.012049079
3.3599999999999723,-0.04099491,-8.744292e-08,-0.012049198
3.369999999999972,-0.04099491,2.3178442e-08,-0.012049079
3.379999999999972,-0.04099491,-1.305389e-07,-0.012049198
3.3899999999999717,-0.040994912,-1.9498026e-08,-0.012049079
3.3999999999999715,-0.040994912,9.239498e-08,-0.012049079
3.4099999999999713,-0.04099491,-6.049425e-08,-0.012049198
3.419999999999971,-0.040994912,5.0922903e-08,-0.012049079
3.429999999999971,-0.04099491,1.6273495e-07,-0.012049079
3.4399999999999706,-0.04099491,9.3050625e-09,-0.012049198
3.4499999999999704,-0.04099491,1.1972239e-07,-0.012049079
3.45999999999997,-0.04099491,-3.4830553e-08,-0.012049198
3.46999999999997,-0.04099491,7.474449e-08,-0.012049079
3.47999999999997,-0.04099491,-8.036261e-08,-0.012049198
3.4899999999999696,-0.04099491,2.8951895e-08,-0.012049079
3.4999999999999694,-0.04099491,-1.2611854e-07,-0.012049198
3.509999999999969,-0.04099491,-1.646843e-08,-0.012049079
3.519999999999969,-0.04099491,-1.7090456e-07,-0.012049198
3.5299999999999687,-0.040994912,-6.0323686e-08,-0.012049079
3.5399999999999685,-0.040994912,5.137284e-08,-0.012049079
3.5499999999999683,-0.040994912,1.6346314e-07,-0.012049079
3.559999999999968,-0.04099491,1.0308583e-08,-0.012049198
3.569999999999968,-0.04099491,-1.4391304e-07,-0.012049198
3.5799999999999677,-0.04099491,-3.3292444e-08,-0.012049079
3.5899999999999674,-0.040994912,7.826759e-08,-0.012049079
3.5999999999999672,-0.04099491,-7.486455e-08,-0.012049198
3.609999999999967,-0.040994912,3.6401893e-08,-0.012049079
3.619999999999967,-0.04099491,1.4815704e-07,-0.012049079
3.6299999999999666,-0.04099491,-5.234942e-09,-0.012049198
3.6399999999999664,-0.04099491,-1.5959408e-07,-0.012049198
3.649999999999966,-0.04099491,-4.900952e-08,-0.012049079
3.659999999999966,-0.040994912,-2.0229268e-07,-0.012049198
3.6699999999999657,-0.040994912,-9.034639e-08,-0.012049079
3.6799999999999655,-0.040994912,2.2920425e-08,-0.012049079
3.6899999999999653,-0.040994912,1.3677702e-07,-0.012049079
3.699999999999965,-0.040994912,2.5048396e-07,-0.012049079
3.709999999999965,-0.04099491,9.838857e-08,-0.012049198
3.7199999999999647,-0.04099491,-5.5341957e-08,-0.012049198
3.7299999999999645,-0.04099491,-2.0971476e-07,-0.012049198
3.7399999999999642,-0.040994912,-9.881676e-08,-0.012049079
3.749999999999964,-0.040994912,1.3450205e-08,-0.012049079
3.759999999999964,-0.040994912,-1.3854728e-07,-0.012049198
3.7699999999999636,-0.040994912,-2.5723049e-08,-0.012049079
3.7799999999999634,-0.040994912,8.800559e-08,-0.012049079
3.789999999999963,-0.040994912,-6.3007356e-08,-0.012049198
3.799999999999963,-0.040994912,5.0314718e-08,-0.012049079
3.8099999999999627,-0.040994912,1.6404809e-07,-0.012049079
3.8199999999999625,-0.040994912,1.25435085e-08,-0.012049198
3.8299999999999623,-0.040994912,1.2487756e-07,-0.012049079
3.839999999999962,-0.04099491,2.3712973e-07,-0.012049079
3.849999999999962,-0.04099491,8.36572e-08,-0.012049198
3.8599999999999617,-0.04099491,-7.1363274e-08,-0.012049198
3.8699999999999615,-0.04099491,3.797966e-08,-0.012049079
3.8799999999999613,-0.04099491,-1.1712107e-07,-0.012049198
3.889999999999961,-0.04099491,-7.560204e-09,-0.012049079
3.899999999999961,-0.04099491,-1.621443e-07,-0.012049198
3.9099999999999606,-0.04099491,-5.176955e-08,-0.012049079
3.9199999999999604,-0.040994912,-2.0524584e-07,-0.012049198
3.92999999999996,-0.040994912,-9.3474696e-08,-0.012049079
3.93999999999996,-0.040994912,1.9636284e-08,-0.012049079
3.9499999999999598,-0.040994912,1.3335745e-07,-0.012049079
3.9599999999999596,-0.040994912,-1.7959096e-08,-0.012049198
3.9699999999999593,-0.040994912,9.4763344e-08,-0.012049079
3.979999999999959,-0.040994912,-5.7306494e-08,-0.012049198
3.989999999999959,-0.040994912,5.491458e-08,-0.012049079
3.9999999999999587,-0.040994912,1.6750974e-07,-0.012049079
4.009999999999959,-0.04099491,1.4836914e-08,-0.012049198
4.019999999999959,-0.04099491,-1.389294e-07,-0.012049198
4.0299999999999585,-0.040994912,-2.7883033e-08,-0.012049079
4.039999999999958,-0.040994912,8.407023e-08,-0.012049079
4.049999999999958,-0.04099491,1.9620552e-07,-0.012049079
4.059999999999958,-0.04099491,4.2882487e-08,-0.012049198
4.069999999999958,-0.04099491,-1.1172134e-07,-0.012049198
4.079999999999957,-0.04099491,-1.6955831e-09,-0.012049079
4.089999999999957,-0.04099491,-1.5585003e-07,-0.012049198
4.099999999999957,-0.040994912,-4.508392e-08,-0.012049079
4.109999999999957,-0.040994912,6.669957e-08,-0.012049079
4.119999999999957,-0.04099491,-8.613216e-08,-0.012049198
4.129999999999956,-0.040994912,2.5510234e-08,-0.012049079
4.139999999999956,-0.040994912,1.3771486e-07,-0.012049079
4.149999999999956,-0.04099491,-1.5156525e-08,-0.012049198
4.159999999999956,-0.04099491,9.5982614e-08,-0.012049079
4.1699999999999555,-0.04099491,-5.768883e-08,-0.012049198
4.179999999999955,-0.04099491,5.2922687e-08,-0.012049079
4.189999999999955,-0.04099491,-1.0099873e-07,-0.012049198
4.199999999999955,-0.04099491,9.643896e-09,-0.012049079
4.209999999999955,-0.04099491,-1.4396369e-07,-0.012049198
4.2199999999999545,-0.040994912,-3.2724707e-08,-0.012049079
4.229999999999954,-0.040994912,7.945404e-08,-0.012049079
4.239999999999954,-0.040994912,-7.30631e-08,-0.012049198
4.249999999999954,-0.040994912,3.8810605e-08,-0.012049079
4.259999999999954,-0.040994912,1.5116126e-07,-0.012049079
4.269999999999953,-0.04099491,-1.6509533e-09,-0.012049198
4.279999999999953,-0.04099491,-1.5544994e-07,-0.012049198
4.289999999999953,-0.040994912,-4.43286e-08,-0.012049079
4.299999999999953,-0.040994912,6.7807484e-08,-0.012049079
4.3099999999999525,-0.040994912,1.8023292e-07,-0.012049079
4.319999999999952,-0.04099491,2.7306218e-08,-0.012049198
4.329999999999952,-0.04099491,-1.2679703e-07,-0.012049198
4.339999999999952,-0.04099491,-1.6168991e-08,-0.012049079
4.349999999999952,-0.04099491,9.5286744e-08,-0.012049079
4.3599999999999515,-0.04099491,-5.8061485e-08,-0.012049198
4.369999999999951,-0.04099491,-2.1203174e-07,-0.012049198
4.379999999999951,-0.040994912,-1.0071344e-07,-0.012049079
4.389999999999951,-0.040994912,1.1988953e-08,-0.012049079
4.399999999999951,-0.040994912,1.2534879e-07,-0.012049079
4.40999999999995,-0.040994912,2.3863038e-07,-0.012049079
4.41999999999995,-0.04099491,8.6184166e-08,-0.012049198
4.42999999999995,-0.04099491,-6.781977e-08,-0.012049198
4.43999999999995,-0.04099491,4.2523208e-08,-0.012049079
4.4499999999999496,-0.04099491,-1.1160061e-07,-0.012049198
4.459999999999949,-0.04099491,-1.0924991e-09,-0.012049079
4.469999999999949,-0.04099491,-1.547654e-07,-0.012049198
4.479999999999949,-0.040994912,-4.3521638e-08,-0.012049079
4.489999999999949,-0.040994912,6.8732405e-08,-0.012049079
4.4999999999999485,-0.040994912,1.8127054e-07,-0.012049079
4.509999999999948,-0.04099491,2.9336e-07,-0.012049079
4.519999999999948,-0.04099491,1.3935666e-07,-0.012049198
4.529999999999948,-0.04099491,-1.6561705e-08,-0.012049198
4.539999999999948,-0.04099491,-1.7338976e-07,-0.012049198
4.549999999999947,-0.04099491,-6.52002e-08,-0.012049079
4.559999999999947,-0.04099491,-2.207883e-07,-0.012049198
4.569999999999947,-0.04099491,-1.11041246e-07,-0.012049079
4.579999999999947,-0.040994912,1.4707209e-10,-0.012049079
4.589999999999947,-0.040994912,1.1206025e-07,-0.012049079
4.599999999999946,-0.04099491,-4.093705e-08,-0.012049198
4.609999999999946,-0.04099491,7.024366e-08,-0.012049079
4.619999999999946,-0.04099491,-8.321793e-08,-0.012049198
4.629999999999946,-0.04099491,2.7771467e-08,-0.012049079
4.6399999999999455,-0.04099491,-1.2560541e-07,-0.012049198
4.649999999999945,-0.040994912,-1.4254078e-08,-0.012049079
4.659999999999945,-0.040994912,9.7917194e-08,-0.012049079
4.669999999999945,-0.04099491,-5.4727998e-08,-0.012049198
4.679999999999945,-0.040994912,5.6897136e-08,-0.012049079
4.689999999999944,-0.04099491,1.6887952e-07,-0.012049079
4.699999999999944,-0.04099491,1.5580984e-08,-0.012049198
4.709999999999944,-0.04099491,-1.3881997e-07,-0.012049198
4.719999999999944,-0.04099491,-2.8413131e-08,-0.012049079
4.729999999999944,-0.04099491,8.2899916e-08,-0.012049079
4.739999999999943,-0.04099491,-7.0511085e-08,-0.012049198
4.749999999999943,-0.04099491,4.0446267e-08,-0.012049079
4.759999999999943,-0.04099491,1.5186392e-07,-0.012049079
4.769999999999943,-0.04099491,-1.8919861e-09,-0.012049198
4.7799999999999425,-0.04099491,-1.5663922e-07,-0.012049198
4.789999999999942,-0.04099491,-4.6464603e-08,-0.012049079
4.799999999999942,-0.04099491,6.473254e-08,-0.012049079
4.809999999999942,-0.04099491,-8.867653e-08,-0.012049198
4.819999999999942,-0.04099491,2.2401366e-08,-0.012049079
4.8299999999999415,-0.04099491,-1.3085139e-07,-0.012049198
4.839999999999941,-0.040994912,-1.934087e-08,-0.012049079
4.849999999999941,-0.040994912,9.302383e-08,-0.012049079
4.859999999999941,-0.040994912,-5.939473e-08,-0.012049198
4.869999999999941,-0.040994912,5.2488982e-08,-0.012049079
4.87999999999994,-0.040994912,1.6476042e-07,-0.012049079
4.88999999999994,-0.04099491,1.1779686e-08,-0.012049198
4.89999999999994,-0.04099491,-1.4227656e-07,-0.012049198
4.90999999999994,-0.040994912,-3.1500203e-08,-0.012049079
4.9199999999999395,-0.040994912,8.020491e-08,-0.012049079
4.929999999999939,-0.04099491,-7.2793846e-08,-0.012049198
4.939999999999939,-0.040994912,3.8593342e-08,-0.012049079
4.949999999999939,-0.04099491,1.504557e-07,-0.012049079
4.959999999999939,-0.04099491,-2.8433598e-09,-0.012049198
4.9699999999999385,-0.04099491,-1.5712457e-07,-0.012049198
4.979999999999938,-0.04099491,-4.6477734e-08,-0.012049079
4.989999999999938,-0.040994912,6.51948e-08,-0.012049079
